{
    "bed_custom_texture": "/Users/ronnys_macbookpro/Downloads/Anycubic-Vyper-Bed-Texture (2).png",
    "before_layer_change_gcode": "",
    "deretraction_speed": [
        "0"
    ],
    "from": "User",
    "gcode_flavor": "klipper",
    "inherits": "MyMarlin 0.4 nozzle",
    "is_custom_defined": "0",
    "layer_change_gcode": "",
    "machine_end_gcode": "END_PRINT",
    "machine_max_acceleration_e": [
        "1000",
        "1000"
    ],
    "machine_max_acceleration_extruding": [
        "1500",
        "1250"
    ],
    "machine_max_acceleration_retracting": [
        "1500",
        "1250"
    ],
    "machine_max_acceleration_travel": [
        "1500",
        "1250"
    ],
    "machine_max_acceleration_x": [
        "1000",
        "1000"
    ],
    "machine_max_acceleration_y": [
        "1000",
        "1000"
    ],
    "machine_max_acceleration_z": [
        "500",
        "200"
    ],
    "machine_max_jerk_e": [
        "2.5",
        "2.5"
    ],
    "machine_max_jerk_x": [
        "10",
        "10"
    ],
    "machine_max_jerk_y": [
        "10",
        "10"
    ],
    "machine_max_jerk_z": [
        "0.2",
        "0.4"
    ],
    "machine_max_speed_e": [
        "120",
        "120"
    ],
    "machine_max_speed_x": [
        "500",
        "200"
    ],
    "machine_max_speed_y": [
        "500",
        "200"
    ],
    "machine_max_speed_z": [
        "12",
        "12"
    ],
    "machine_min_extruding_rate": [
        "0",
        "0"
    ],
    "machine_min_travel_rate": [
        "0",
        "0"
    ],
    "machine_start_gcode": "PRINT_START EXTRUDER=[nozzle_temperature_initial_layer] BED=[hot_plate_temp_initial_layer]\n",
    "min_layer_height": [
        "0.07"
    ],
    "name": "AKNeo",
    "print_host": "192.168.2.33",
    "printable_area": [
        "0x0",
        "220x0",
        "220x220",
        "0x220"
    ],
    "printer_settings_id": "AKNeo",
    "printer_variant": "",
    "retract_before_wipe": [
        "0%"
    ],
    "retract_length_toolchange": [
        "10"
    ],
    "retract_when_changing_layer": [
        "0"
    ],
    "retraction_length": [
        "1"
    ],
    "retraction_minimum_travel": [
        "2"
    ],
    "retraction_speed": [
        "50"
    ],
    "thumbnails": [
        "32x32",
        "400x300"
    ],
    "use_firmware_retraction": "1",
    "version": "1.6.0.0",
    "z_hop": [
        "0"
    ]
}
